{"cameraMode":{"drawMode":0,"name":"Shaded","section":"Shading Mode"},"sceneLighting":false,"audioPlay":false,"sceneViewState":{"showFog":true,"showMaterialUpdate":false,"showSkybox":false,"showFlares":true,"showImageEffects":true,"showParticleSystems":true},"in2DMode":false,"pivot":{"x":-0.0764007568359375,"y":0.6112060546875,"z":2.910003662109375},"rotation":{"x":-0.08507367223501206,"y":-0.3306310772895813,"z":0.02993904985487461,"w":-0.9394477009773254},"size":8.087276458740235,"orthographic":false}